Nume,ID,Pret,Cost,Are stoc,Stoc
Espresso,ewe2e23e3e,12.000000,7.000000,0,-1
aa,12312edq,15.000000,10.000000,1,0
